INSERT INTO studio ("id", "name", "points", "current_scene") VALUES (1, 'SHIT', 0, 0);
INSERT INTO studio ("id", "name", "points", "current_scene") VALUES (2, 'FUCK', 0, 4);

INSERT INTO scene ("id", "name", "location", "context") VALUES (1, 'Sci Fi', 'Wing Sitting Room', 'Aliens have invaded. The invasion has been raging for years. Humanity are on the brink of defeat. Only decrypting the alien language will allow humanity to make a plan to stop the invasion. Once you have cracked the code, film your actors reading the script below');
INSERT INTO scene ("id", "name", "location", "context") VALUES (2, 'Action', 'Trampoline', 'Now humanity have a plan they can execute it through over-choreographed fight scenes and turning their backs on explosions. Do the best 3 trick routine you can on the trampoline. Incorporate at least one of the lines from the script into your routine');
INSERT INTO scene ("id", "name", "location", "context") VALUES (3, 'Musical', 'Grand Piano', 'The world was saved! Celebrations ran long into the night and spilled out onto the street over the following weeks. Everyone was so happy they started interacting purely through the medium of song. But which song will your film set it musical montage to? Once you have beat-the-intro, film your actors choosing your teams favourite');
INSERT INTO scene ("id", "name", "location", "context") VALUES (4, 'Romance', 'Wing Kitchen', '. Once you have solved the puzzle, film your actors reading the script below');
INSERT INTO scene ("id", "name", "location", "context") VALUES (5, 'Comedy', 'Find the Other Team', 'Peace and romance has lead to decades of prosperity for humanity. Laughter has returned. Film your actors doing something to make the other team laugh');
INSERT INTO scene ("id", "name", "location", "context") VALUES (6, 'Noir', 'Study', 'It was his last day on the job... he should have been going home early for a quiet cup of tea. But if what hed just uncovered was true the aliens had already infiltrated every government in the world. The cup of tea would have to wait. Once you have solved the mystery, film your actors reading the script below');
INSERT INTO scene ("id", "name", "location", "context") VALUES (7, 'Horror', 'Find the Other Team', 'News of the impending alien invasion spread fast. People were looking over their shoulders while walking down the street. Fear was everywhere. Film your actors doing something to scare the other team');
INSERT INTO scene ("id", "name", "location", "context") VALUES (8, 'Adventure', 'Kitchen', 'In a desperate attempt to save humanity from the aliens one brave adventurer enters an ancient burial ground, looking for the legendary magic drink that is said to give the consumer superpowers. Film your actors drinking all the drinks. Incorporate at least one of the lines from the script into the drinking');

INSERT INTO role ("id", "name") VALUES (1, 'Scientist');
INSERT INTO role ("id", "name") VALUES (2, 'Alpha Man');
INSERT INTO role ("id", "name") VALUES (3, 'First-day-on-the-job Cop');
INSERT INTO role ("id", "name") VALUES (4, 'One-day-from-retirement Cop');
INSERT INTO role ("id", "name") VALUES (5, 'Brave Adventurer');
INSERT INTO role ("id", "name") VALUES (6, 'Pop Star 1 and Pop Star 2');
INSERT INTO role ("id", "name") VALUES (7, 'Lover 1');
INSERT INTO role ("id", "name") VALUES (8, 'Lover 2');

INSERT INTO scene_role ("scene_id", "role_id", "line") VALUES (1, 1, 'Ive got it! The message reads [INSERT MESSAGE HERE]');
INSERT INTO scene_role ("scene_id", "role_id", "line") VALUES (1, 2, 'Finally, the poindexters have solved it. Give me that message, Ive got a world to save...');
INSERT INTO scene_role ("scene_id", "role_id", "line") VALUES (2, 2, 'Looks like youre the ones who got abducted this time!');
INSERT INTO scene_role ("scene_id", "role_id", "line") VALUES (2, 2, 'Sorry, but it looks like your invasion just got cancelled!');
INSERT INTO scene_role ("scene_id", "role_id", "line") VALUES (2, 2, 'I guess you didnt come in peace!');
INSERT INTO scene_role ("scene_id", "role_id", "line") VALUES (3, 6, 'The song we''ve chosen is [INSERT SONG HERE]');
INSERT INTO scene_role ("scene_id", "role_id", "line") VALUES (4, 7, 'Oh [INSERT MALE NAME HERE], I love you!');
INSERT INTO scene_role ("scene_id", "role_id", "line") VALUES (4, 8, 'I love you too [INSERT FEMALE NAME HERE]');
INSERT INTO scene_role ("scene_id", "role_id", "line") VALUES (6, 3, 'Boss! What is it?');
INSERT INTO scene_role ("scene_id", "role_id", "line") VALUES (6, 4, 'We are on the brink of an alien invasion...');
INSERT INTO scene_role ("scene_id", "role_id", "line") VALUES (6, 3, 'How do you know?');
INSERT INTO scene_role ("scene_id", "role_id", "line") VALUES (6, 4, 'Becasue [INSERT MYSTERY ANSWER HERE]...');
INSERT INTO scene_role ("scene_id", "role_id", "line") VALUES (8, 5, 'This is what separates the heroes from the sidekicks');
INSERT INTO scene_role ("scene_id", "role_id", "line") VALUES (8, 5, 'Im not saying this is a good idea, but its definitely an idea');
INSERT INTO scene_role ("scene_id", "role_id", "line") VALUES (8, 5, 'Im about to do something stupid, but its gonna look awesome');
INSERT INTO scene_role ("scene_id", "role_id", "line") VALUES (8, 5, 'Ive never done this before, but thats never stopped me');

INSERT INTO studio_scene ("studio_id", "scene_id") VALUES (1, 1);
INSERT INTO studio_scene ("studio_id", "scene_id") VALUES (1, 2);
INSERT INTO studio_scene ("studio_id", "scene_id") VALUES (1, 3);
INSERT INTO studio_scene ("studio_id", "scene_id") VALUES (1, 4);
INSERT INTO studio_scene ("studio_id", "scene_id") VALUES (1, 6);
INSERT INTO studio_scene ("studio_id", "scene_id") VALUES (1, 8);
INSERT INTO studio_scene ("studio_id", "scene_id") VALUES (1, 5);
INSERT INTO studio_scene ("studio_id", "scene_id") VALUES (2, 1);
INSERT INTO studio_scene ("studio_id", "scene_id") VALUES (2, 2);
INSERT INTO studio_scene ("studio_id", "scene_id") VALUES (2, 3);
INSERT INTO studio_scene ("studio_id", "scene_id") VALUES (2, 4);
INSERT INTO studio_scene ("studio_id", "scene_id") VALUES (2, 6);
INSERT INTO studio_scene ("studio_id", "scene_id") VALUES (2, 8);
INSERT INTO studio_scene ("studio_id", "scene_id") VALUES (2, 7);